-- MySQL dump 10.13  Distrib 8.4.7, for Linux (x86_64)
--
-- Host: localhost    Database: webex_admin
-- ------------------------------------------------------
-- Server version	8.4.7

/*!40101 SET @OLD_CHARACTER_SET_CLIENT=@@CHARACTER_SET_CLIENT */;
/*!40101 SET @OLD_CHARACTER_SET_RESULTS=@@CHARACTER_SET_RESULTS */;
/*!40101 SET @OLD_COLLATION_CONNECTION=@@COLLATION_CONNECTION */;
/*!50503 SET NAMES utf8mb4 */;
/*!40103 SET @OLD_TIME_ZONE=@@TIME_ZONE */;
/*!40103 SET TIME_ZONE='+00:00' */;
/*!40014 SET @OLD_UNIQUE_CHECKS=@@UNIQUE_CHECKS, UNIQUE_CHECKS=0 */;
/*!40014 SET @OLD_FOREIGN_KEY_CHECKS=@@FOREIGN_KEY_CHECKS, FOREIGN_KEY_CHECKS=0 */;
/*!40101 SET @OLD_SQL_MODE=@@SQL_MODE, SQL_MODE='NO_AUTO_VALUE_ON_ZERO' */;
/*!40111 SET @OLD_SQL_NOTES=@@SQL_NOTES, SQL_NOTES=0 */;

--
-- Table structure for table `Account`
--

DROP TABLE IF EXISTS `Account`;
/*!40101 SET @saved_cs_client     = @@character_set_client */;
/*!50503 SET character_set_client = utf8mb4 */;
CREATE TABLE `Account` (
  `id` varchar(191) COLLATE utf8mb4_unicode_ci NOT NULL,
  `userId` varchar(191) COLLATE utf8mb4_unicode_ci NOT NULL,
  `type` varchar(191) COLLATE utf8mb4_unicode_ci NOT NULL,
  `provider` varchar(191) COLLATE utf8mb4_unicode_ci NOT NULL,
  `providerAccountId` varchar(191) COLLATE utf8mb4_unicode_ci NOT NULL,
  `refresh_token` text COLLATE utf8mb4_unicode_ci,
  `access_token` text COLLATE utf8mb4_unicode_ci,
  `expires_at` int DEFAULT NULL,
  `token_type` varchar(191) COLLATE utf8mb4_unicode_ci DEFAULT NULL,
  `scope` varchar(191) COLLATE utf8mb4_unicode_ci DEFAULT NULL,
  `id_token` text COLLATE utf8mb4_unicode_ci,
  `session_state` varchar(191) COLLATE utf8mb4_unicode_ci DEFAULT NULL,
  `refresh_token_expires_in` int DEFAULT NULL,
  PRIMARY KEY (`id`),
  UNIQUE KEY `Account_provider_providerAccountId_key` (`provider`,`providerAccountId`),
  KEY `Account_userId_fkey` (`userId`),
  CONSTRAINT `Account_userId_fkey` FOREIGN KEY (`userId`) REFERENCES `User` (`id`) ON DELETE CASCADE ON UPDATE CASCADE
) ENGINE=InnoDB DEFAULT CHARSET=utf8mb4 COLLATE=utf8mb4_unicode_ci;
/*!40101 SET character_set_client = @saved_cs_client */;

--
-- Dumping data for table `Account`
--

LOCK TABLES `Account` WRITE;
/*!40000 ALTER TABLE `Account` DISABLE KEYS */;
INSERT INTO `Account` VALUES ('cmkss0mb200017todji19y3x5','cmkss0ma000007tod81boavll','oauth','webex-usa','Y2lzY29zcGFyazovL3VzL1BFT1BMRS83ZDYzZjk2ZC0zMzFiLTQyYzgtYTRmNC1jMTA3OTNmYTJhZTI','RDIwMTJmYzItZGJjZS00MmJkLWI4YWUtMTQyNDZkMzMzODgxY2RlNDYyZTUtNzdi_P0A1_1359f255-e2de-4dd7-acf1-a6584618a7dc','ZDIxYzg1MGUtZTJkNy00MGUyLWI5NzYtZTIyY2Q2MGYzM2RmYmNkYTFhOGYtYjQz_P0A1_1359f255-e2de-4dd7-acf1-a6584618a7dc',1770496966,'Bearer','meeting:schedules_read spark:people_read',NULL,NULL,7607164),('cmkss1t0f00037todyh6p142n','cmkss1szi00027todpr61mhd3','oauth','webex-usa','Y2lzY29zcGFyazovL3VzL1BFT1BMRS9iNzZiODRkYS0yZmY5LTQyOGYtYWZlMi03ZThhOGNhZWM2YjE','RzgxNDRlYWYtNmFhNi00YzJjLThiMWUtZTJlNjlhNDZlMzk2MWNmNzg4ZjMtMzc4_P0A1_1359f255-e2de-4dd7-acf1-a6584618a7dc','NjEzNmM2YmUtMGIzNS00MWIxLWJmMTAtZTgxYzRlMzYxZWIxZmQ2ZmJkYTItZGZh_P0A1_1359f255-e2de-4dd7-acf1-a6584618a7dc',1770497021,'Bearer','meeting:schedules_read spark:people_read',NULL,NULL,7607137),('cmkszna8l0001l8odn1edfugg','cmkszna7i0000l8od5xgych91','oauth','webex-usa','Y2lzY29zcGFyazovL3VzL1BFT1BMRS83N2ZlMTVhOS0xNGIwLTRmODktYjE5OC1hMjM2ZDE0NTM4ZTA','RTExM2ZlOGItYzVjYi00M2I3LThkNWQtMmRjZDhlZjQ1NjE0OGNmNjJiNTktOGQx_P0A1_1359f255-e2de-4dd7-acf1-a6584618a7dc','NmM5NDMwZGItMzNjMy00M2I4LWI0MTYtZTY0Mzc0ODFmN2ZhNDNhYWYzMjgtOTIw_P0A1_1359f255-e2de-4dd7-acf1-a6584618a7dc',1770509781,'Bearer','meeting:schedules_read spark:people_read',NULL,NULL,7775999),('cmkszpwsx0003l8ody0mwzuv1','cmkszpws30002l8odwgqurtws','oauth','webex-usa','Y2lzY29zcGFyazovL3VzL1BFT1BMRS9lZDZkODk4NC02YmY1LTRmYzctOTk0ZS1jYjcxYWEwMWFiZTE','RjA4MmY1ODAtZDA0ZS00YjFlLTgwMjQtOGMzOTBjZjVhODE0YTIzMjc3MzctZTg4_P0A1_71c58703-9cda-4387-b2d8-f58707a32a42','Njc1MGMwMmItNmFkMi00NmQwLWE3YjgtZGNjZjI3NjU2OTU1Y2Y2ODUxYzEtODFm_P0A1_71c58703-9cda-4387-b2d8-f58707a32a42',1770509903,'Bearer','meeting:schedules_read spark:people_read',NULL,NULL,7775999),('cmkt1z35z0005l8od07c3j6ge','cmkt1z35c0004l8odzhyfigo2','oauth','webex-usa','Y2lzY29zcGFyazovL3VzL1BFT1BMRS9jOTI4NmFmZC0yYzE5LTRhZDQtYWY4Yi1iN2RmNWZkYjZlMzU','R2MwYmQxNjUtZTI5Yi00YWJlLTlmNWYtM2FmYmRmM2NlNGMxYTBiNGY5NjEtODhl_P0A1_71c58703-9cda-4387-b2d8-f58707a32a42','NGI5NjM1N2EtNzY4NS00ZmUxLThjZTktMWExNzM5NGY1ODFjNjFjYTJlN2UtMTE2_P0A1_71c58703-9cda-4387-b2d8-f58707a32a42',1770513691,'Bearer','meeting:schedules_read spark:people_read',NULL,NULL,7775999),('cmkt454xh0001okodg4vktsmj','cmkt454wm0000okods6y1bcu3','oauth','webex-usa','Y2lzY29zcGFyazovL3VzL1BFT1BMRS8yYWUwNjg3Mi02ZjlmLTRkNGEtOWM4OC01ODk4OTE0NGRkZDk','RGUzZjM0YmUtM2I5MC00NTliLWIyY2YtMjliZDYwNDZlMTBiZDBmZmUyMDktNWQ0_PF84_6b0eeda0-0a96-4c3c-8b0a-371e192e8882','M2FiZDBhOGQtYzI2Yi00ZTQ3LWFhNzMtOTUwMWEyY2UzNmExMThlOTU5ZWYtODNk_PF84_6b0eeda0-0a96-4c3c-8b0a-371e192e8882',1770517332,'Bearer','meeting:schedules_read spark:people_read',NULL,NULL,7775999),('cmkt7q3yp0000mlodonflpdxq','cmkt1z35c0004l8odzhyfigo2','oauth','webex-india','Y2lzY29zcGFyazovL3VzL1BFT1BMRS9jOTI4NmFmZC0yYzE5LTRhZDQtYWY4Yi1iN2RmNWZkYjZlMzU','RWNhNjA3NzMtNjdiZS00NzlkLWE2NzEtOGE2OGU1M2QxZDE1ZjYzMGZhYTYtZmNj_P0A1_71c58703-9cda-4387-b2d8-f58707a32a42','YjI2ZGJmNjEtNzZiYi00M2IxLTgzZWItZGZlZDIxOWE3N2IxYTJiN2ZkMTUtMjFl_P0A1_71c58703-9cda-4387-b2d8-f58707a32a42',1770523350,'Bearer','meeting:schedules_read spark:people_read',NULL,NULL,7775999),('cmkvsyj850001ajod4k22gvgt','cmkvsyj6u0000ajoddef9yhgu','oauth','webex-usa','Y2lzY29zcGFyazovL3VzL1BFT1BMRS9jOTNiMjdkMS1iNTI3LTQwYTAtOGQ4Mi04ZmE3NjVlMGIwM2Q','RDQyOTFmNTgtYmFmMi00N2ZjLWI5NjQtOWIwMjgyNTU1MTdlZjMzZmM0MmYtMmJk_P0A1_1359f255-e2de-4dd7-acf1-a6584618a7dc','MWMwYmM0ZWUtZTQzZi00NDIyLWFiZWItNjIxNjJlYmUxYzgxZThiOWUyNzAtODM3_P0A1_1359f255-e2de-4dd7-acf1-a6584618a7dc',1770679947,'Bearer','meeting:schedules_read spark:people_read',NULL,NULL,7775428),('cmkvzri4t0008ajodema6xiue','cmkvzri490007ajodyxtde66z','oauth','webex-usa','Y2lzY29zcGFyazovL3VzL1BFT1BMRS85Njc0MDU0OS04YzBlLTRjMGMtOTc4Mi01NmVkZTdmZTViMzQ','RjBjMjExNTQtZDY5Ny00MWI3LWFkYTgtMzhkZmRkMzhmN2ViYzI3Njc2ZDMtNTgx_P0A1_1359f255-e2de-4dd7-acf1-a6584618a7dc','NDJiN2RkZmQtNjUyOS00ZTg4LTkxNTgtYWExYjFjMGU1ODU3ZDliMjJlYTUtNDMw_P0A1_1359f255-e2de-4dd7-acf1-a6584618a7dc',1770691376,'Bearer','meeting:schedules_read spark:people_read',NULL,NULL,7775999),('cmkwr1j9b00010tod9v9j1e73','cmkwr1j8000000todxbb9725z','oauth','webex-usa','Y2lzY29zcGFyazovL3VzL1BFT1BMRS9kZDAwNjY1MS1kOTMyLTQyMzgtODM0Zi1mZTc1MjYxNDUwYzY','RzI2YjA3NmMtZjFlYi00NDJjLTlhOTktN2ViZGQzNmJhMGM1YzdjYzk2NjctYThh_P0A1_1359f255-e2de-4dd7-acf1-a6584618a7dc','MWNjNzQ5ODktZDEzZi00ODEwLWIxNGYtMjZhNDM3MTU2NmI0YWNhNDFiNWYtN2Y2_P0A1_1359f255-e2de-4dd7-acf1-a6584618a7dc',1770737194,'Bearer','meeting:schedules_read spark:people_read',NULL,NULL,7775999),('cmlcgazbf0001y6odxkq15sbu','cmlcgazad0000y6odzn96maqc','oauth','webex-usa','Y2lzY29zcGFyazovL3VzL1BFT1BMRS9lZmM5ZDdmNy0zYzQ4LTRjNmYtOWQ2OS1iMzZhOTEzMWIyZTk','RWZhMWQxYTUtYThiNS00NGZlLTk3NWYtM2YxMzU0MzNlYzQ3MzNmNjNiOWUtZGRh_P0A1_71c58703-9cda-4387-b2d8-f58707a32a42','OTk1M2I5YTAtZDBmOC00YThiLWI3NDAtMzVjZjRkYmY5MzhjYWE3OWFhMmYtNTg5_P0A1_71c58703-9cda-4387-b2d8-f58707a32a42',1771686618,'Bearer','meeting:schedules_read spark:people_read',NULL,NULL,7775999),('cmlchithv0006y6od6cln7loc','cmlchithc0005y6odq8eli71y','oauth','webex-usa','Y2lzY29zcGFyazovL3VzL1BFT1BMRS80MzlkZDFkNS1kNDUxLTQ2ZWUtYTUzMi1jYWY0NDY1Mzk5Zjg','RTE2OWQxYjctYWRmNi00MzQ3LThkZTQtMDI2Nzg5NjU3Y2QxOGVlZWI3YmEtMTU3_P0A1_71c58703-9cda-4387-b2d8-f58707a32a42','ZmJjMmE1ZjMtNjcwYi00OTVhLWE2YzAtMjAzZjkxODM1NGFhNDEwNTc4OWQtNmVk_P0A1_71c58703-9cda-4387-b2d8-f58707a32a42',1771688663,'Bearer','meeting:schedules_read spark:people_read',NULL,NULL,7775999),('cmlchqn6z0009y6od4u3r6w19','cmlchqn6g0008y6od8v8kgngr','oauth','webex-usa','Y2lzY29zcGFyazovL3VzL1BFT1BMRS9kNzYyNzRhYS1kZjgzLTQ5NjUtYjZlYi1hNzcwMDVkNjg1Y2U','RzY0NGQ4MzgtMjNkOC00M2UxLTk5NjMtMDExYjY3NmI0NDhkYjNiMmZiMzMtOGNi_P0A1_1359f255-e2de-4dd7-acf1-a6584618a7dc','OTE1ODhlZDAtNDk3OS00OGNiLTkxMzAtYzk5YzRjYTM3YTNkMzM2NzFlYTgtNTdj_P0A1_1359f255-e2de-4dd7-acf1-a6584618a7dc',1771689028,'Bearer','meeting:schedules_read spark:people_read',NULL,NULL,7775999),('cmlcj5f87000cy6oddu7ubw3y','cmlcj5f7o000by6odtsivjjy6','oauth','webex-usa','Y2lzY29zcGFyazovL3VzL1BFT1BMRS8zMGIxYTllOC1jNDljLTRmYzItOWZhOC1kYjI1ZjBmNGQ4OTQ','RjQ5M2ZjZjYtNjM5ZC00ZTVmLTg1MDEtNjc0M2U5NzdiNDZlYTg5ODM0NGMtYTRi_P0A1_71c58703-9cda-4387-b2d8-f58707a32a42','MDU3YWI4N2UtNzI1MS00NjY5LTkwYzItZTk3ZjAyMWUwNjg0MzkxZmU5NjctYTEw_P0A1_71c58703-9cda-4387-b2d8-f58707a32a42',1771691397,'Bearer','meeting:schedules_read spark:people_read',NULL,NULL,7775999),('cmlcjnpbn000fy6odx9on122q','cmlcjnpb4000ey6odw7rc1j3y','oauth','webex-usa','Y2lzY29zcGFyazovL3VzL1BFT1BMRS8xMDkxOTg5OC1jMzhiLTQ1ZTgtODdiYS1mMTFlNWEwYjRjNGM','RDk5YzI1NmItZDQ5OS00YTg5LWI2ODktNzAzZmRkNGIwNDA0YzY4ZjZkMDItZDBh_P0A1_1359f255-e2de-4dd7-acf1-a6584618a7dc','MGRlYzM1ZTEtNzQ3Yi00ZTE2LThlY2YtYTE2ZTJlOTExNTNkOTBiMDdiNjEtZDhi_P0A1_1359f255-e2de-4dd7-acf1-a6584618a7dc',1771692250,'Bearer','meeting:schedules_read spark:people_read',NULL,NULL,7775999),('cmlf3nxzs00011kodd1f5yvzg','cmlf3nxyr00001kod0t9rkb2v','oauth','webex-usa','Y2lzY29zcGFyazovL3VzL1BFT1BMRS82YWM4YmJhZi1jMjQ4LTRmMTgtODhmYy0zNjQwZTJkYjU4OTQ','RzllNmUxNmYtNDJhZi00Y2JhLTkwY2ItNmUwNDMyY2MyNDNhYTQ2NjAwZGItOTVm_P0A1_1359f255-e2de-4dd7-acf1-a6584618a7dc','ZmJmNjVjNGItNGVmZS00OWQ3LTg4NjYtMWVkM2M4YTdhMGQxZDQ3ODA5MzEtZmM5_P0A1_1359f255-e2de-4dd7-acf1-a6584618a7dc',1771846786,'Bearer','meeting:schedules_read spark:people_read',NULL,NULL,7775999),('cmlf3zc7700031kod2yqtc9kz','cmlf3zc6o00021kod3s2i2d71','oauth','webex-usa','Y2lzY29zcGFyazovL3VzL1BFT1BMRS84OGE5ZTA0My1lYmY5LTQwMzEtYjk0ZS1kN2RlMDVkMzk5NmE','RDJiNjM2MmUtOWZiMC00MzUxLTg2N2QtMzUwNTk4ZTFkYmIxZmVhNDhlNzQtYzAy_P0A1_1359f255-e2de-4dd7-acf1-a6584618a7dc','NTc0NmJlYWUtYTkxYy00N2QyLTlhNzYtZDMxODQ0ZThlN2E0MTY3Y2U5NWUtOTI5_P0A1_1359f255-e2de-4dd7-acf1-a6584618a7dc',1771847318,'Bearer','meeting:schedules_read spark:people_read',NULL,NULL,7775999),('cmlf79hai00051kod6svv4b98','cmlf79h9y00041kod7vuwg8oq','oauth','webex-usa','Y2lzY29zcGFyazovL3VzL1BFT1BMRS80ODU4NDBlNC0wNDdhLTQ5NzMtOGM5Mi1mYTA5ODlmOGY3MDU','Rjk4MmY3NjEtOTdjMy00NGM5LTg2NDUtYjdjODI4NzEzODMwZmVjYzFhZDQtNmM3_P0A1_1359f255-e2de-4dd7-acf1-a6584618a7dc','NGM5MzE3MjMtOGIzYS00YmM3LTg0NGMtNGEyZTVjOWFmM2JmYWRlMGIxZTYtYTdi_P0A1_1359f255-e2de-4dd7-acf1-a6584618a7dc',1771852830,'Bearer','meeting:schedules_read spark:people_read',NULL,NULL,7775999),('cmlfclfq500071kodrtxv0etj','cmlfclfpj00061kodqs8qhgu5','oauth','webex-usa','Y2lzY29zcGFyazovL3VzL1BFT1BMRS83NDc0Mzc4NC0zOWY2LTQ3ZDEtYWNjZi04NWFjNWNlMWQ4ZTM','RTM4NmI5ZDktODdkOS00YTNhLTljZWItMmIzYzcyZGMyODI4Y2ZhYzgzYjAtMTQ2_PF84_6b0eeda0-0a96-4c3c-8b0a-371e192e8882','ZTM2YzQ4OTEtNWQ5MC00M2Q2LWE0NmMtOTg4Nzc5Yzk0NTRkNDRjNDZmNDktODc4_PF84_6b0eeda0-0a96-4c3c-8b0a-371e192e8882',1771861786,'Bearer','meeting:schedules_read spark:people_read',NULL,NULL,7775999),('cmlfh60l1000a1kodr5d1jzxm','cmlfh60kg00091kodz6wpzsbj','oauth','webex-usa','Y2lzY29zcGFyazovL3VzL1BFT1BMRS9iM2RjMThlNS1kMzA3LTQxYjAtYWQwYi04NTZiNDg5MWJjMzU','RWMwNGNmYTQtMWViMy00YWFiLTg2YzMtNDRiYWEwZWE1NmViZjRhMTM0ZjYtNTdl_P0A1_1359f255-e2de-4dd7-acf1-a6584618a7dc','ODJlNGM1NzUtODY0OS00YjkxLTk3NjEtM2EwMTY0ZjMxYjM2NjNhOTI2MzYtODkw_P0A1_1359f255-e2de-4dd7-acf1-a6584618a7dc',1771869464,'Bearer','meeting:schedules_read spark:people_read',NULL,NULL,7775999),('cmlftkhze0001isodwb6ujeod','cmlftkhxq0000isod5bjnyxff','oauth','webex-usa','Y2lzY29zcGFyazovL3VzL1BFT1BMRS9jNmMzNTI2ZC0wNWM1LTQ4NWYtYmZjMi1iYjFjYjkwZmM4M2I','RjAzOGI3ZjUtNDc0Ni00ZDBiLWE1YWItMTgzYzY2ODgyZTQ2OTI2MDk1YmUtZWFi_P0A1_1359f255-e2de-4dd7-acf1-a6584618a7dc','YzFiMTg3NjUtYmE2Mi00ZjMzLThkMzAtYjVjMDZhNjU3NmE1MjYwMmUxOWItNzZk_P0A1_1359f255-e2de-4dd7-acf1-a6584618a7dc',1771890295,'Bearer','meeting:schedules_read spark:people_read',NULL,NULL,7775999),('cmlgc1p9a0003isod7edfpire','cmlgc1p8q0002isodvzcgv7is','oauth','webex-usa','Y2lzY29zcGFyazovL3VzL1BFT1BMRS8zYTJhOGYyNC1kY2YzLTQ3NTctYWQ3OS04YzI4ZTdjMGQ5NTY','RDQ5YjkwNTAtNTg5Zi00OGIwLTkxMWMtMzA5Y2Y3MDMxODFjYWRiZTM5ZGUtYTlh_P0A1_1359f255-e2de-4dd7-acf1-a6584618a7dc','NWM0NjM5NDYtMDZmNi00Y2Y3LThhYTQtYmU4OGZlNzhiMjhhZmI1Mzk2YTMtMzg2_P0A1_1359f255-e2de-4dd7-acf1-a6584618a7dc',1771921331,'Bearer','meeting:schedules_read spark:people_read',NULL,NULL,7775999),('cmlit4koz00014mod4bkdnih2','cmlit4ko000004modxbnf43lq','oauth','webex-usa','Y2lzY29zcGFyazovL3VzL1BFT1BMRS9hMzJjNDQ2NC0zYjYzLTQ4YzAtYTBiNC0xNGUzMDIzZDViNDQ','R2MxMGY0OGEtOWEyOS00MTIxLWJhODAtOTk3NDI3NTA5ZWY0NjdhZGJiNWUtNDM0_P0A1_1359f255-e2de-4dd7-acf1-a6584618a7dc','MjU4NDI5ZjQtYTRjZi00Mjg1LTlkZWUtNWE5NWUyODAyOWJlNGI1ODQ3ZGYtYjEz_P0A1_1359f255-e2de-4dd7-acf1-a6584618a7dc',1772070951,'Bearer','meeting:schedules_read spark:people_read',NULL,NULL,7775999),('cmlmdbtec0001l2odua1xuboe','cmlmdbtds0000l2odvuseknlc','oauth','webex-usa','Y2lzY29zcGFyazovL3VzL1BFT1BMRS82MTdlZTNlZC01YmVkLTQ5MzQtOTg5NS0xMDM4MTZiMWE0OWE','RTVmZmVkNTgtMDA2NC00NGQzLWIyNWEtNjhjNDViMzg5ZDFhMzc0YTM5YmEtMTE2_P0A1_1359f255-e2de-4dd7-acf1-a6584618a7dc','ODRlZTdmMWEtM2RlMy00Y2ZhLTk3MjYtMWE4ZDYzYmM4ZWMyNDNlMzRkYzEtY2Ux_P0A1_1359f255-e2de-4dd7-acf1-a6584618a7dc',1772286280,'Bearer','meeting:schedules_read spark:people_read',NULL,NULL,7775999),('cmlmfopha0003l2odvp41w1pm','cmlmfopgv0002l2od0x8nxhna','oauth','webex-usa','Y2lzY29zcGFyazovL3VzL1BFT1BMRS9kZTU2NTVkNC0yNDRjLTQ0YzItYTgzNy00OTliMGExMmFlNDA','RjA2MDE5ODQtMmY5Ni00NTI2LTgwMjItYWE1MzE0MWI0Y2ZmNmNlYmQ0ZTMtMTY2_P0A1_1359f255-e2de-4dd7-acf1-a6584618a7dc','NDBhMTllNzAtZDI3OC00ZWNiLWI4NTctMjVlNjVmNTk5YmMzZTc5YjM4ZWEtYWRj_P0A1_1359f255-e2de-4dd7-acf1-a6584618a7dc',1772290240,'Bearer','meeting:schedules_read spark:people_read',NULL,NULL,7775999),('cmlmgiyfv0005l2odtrczek97','cmlmgiyfh0004l2od9lg3perz','oauth','webex-usa','Y2lzY29zcGFyazovL3VzL1BFT1BMRS9mMWYzZDM1OS01ZDc5LTQ5NDgtOWM1ZS00ZDZmNTc2ZGMzMTM','R2U2M2I2YTctY2NkMC00Njg4LTkzMjUtY2ZiZjZjMGU1YzU1ZTg5MDE1YTgtODI3_P0A1_71c58703-9cda-4387-b2d8-f58707a32a42','NjJhNmVlNGUtZjYxYS00YTBjLTlhMzctMjI0NWI4OTVjNzU1YjhlM2M2YzYtYzE0_P0A1_71c58703-9cda-4387-b2d8-f58707a32a42',1772291652,'Bearer','meeting:schedules_read spark:people_read',NULL,NULL,7775999),('cmlmh3lk20007l2od63nzy558','cmlmh3ljm0006l2oda1uchdja','oauth','webex-usa','Y2lzY29zcGFyazovL3VzL1BFT1BMRS82MGUyZDBkYS0wZWY1LTRkNTctOTFiYi1mMzQ5NzBlY2E4ZTA','RjU3ZDBhZDMtZGQyMC00YjljLTkwZDEtYWIwODViNDJjZjI0OTNlMzcwYTAtNmY4_P0A1_1359f255-e2de-4dd7-acf1-a6584618a7dc','YWYxZjc5NWUtZGRjYS00NjBmLTk1MDItODE0OTQ4MmE4YWI5NWI4ZDcwYjMtNzky_P0A1_1359f255-e2de-4dd7-acf1-a6584618a7dc',1772292615,'Bearer','meeting:schedules_read spark:people_read',NULL,NULL,7775999),('cmlmima33000gl2odhxvescjc','cmlmima2q000fl2odvbdgb58u','oauth','webex-usa','Y2lzY29zcGFyazovL3VzL1BFT1BMRS9mNGMxOWMxOS00MGQyLTQwOGQtYWUyMC1hMzY3ZTE5MzlhMjg','RzMxNDA1YTEtNjlmNC00MGFjLWE0NjItNzEyY2NjMTAwNDkwNjJmYWQ0YTAtZjM0_P0A1_1359f255-e2de-4dd7-acf1-a6584618a7dc','NzJmYzEyYmMtZDJmMi00YzY4LWFmNGUtYjE3MDgyZjhlN2NkZDkzOGUzM2YtMDlh_P0A1_1359f255-e2de-4dd7-acf1-a6584618a7dc',1772295166,'Bearer','meeting:schedules_read spark:people_read',NULL,NULL,7775999),('cmlmimxla000il2odslibx10q','cmlmimxkx000hl2odx0csqffs','oauth','webex-usa','Y2lzY29zcGFyazovL3VzL1BFT1BMRS82M2FkYmM4ZS1jZGRjLTQ5NzAtYjVlOC00NjFhN2E4OWRlYzg','R2VlZTdiZTgtZDgyOC00ZTY1LWJjNTctMTE3YjkzNzRhMzY0YmQyOTU1M2EtNjlk_P0A1_1359f255-e2de-4dd7-acf1-a6584618a7dc','OWQzN2Y5ZTYtNzg3OS00ZTZmLWEzMGYtOWMyZTAwMTYyY2I3MGNhNTY3MmEtMDgz_P0A1_1359f255-e2de-4dd7-acf1-a6584618a7dc',1772295196,'Bearer','meeting:schedules_read spark:people_read',NULL,NULL,7775999),('cmlminf7d000kl2odgdm18nih','cmlminf6z000jl2od2zdo16wn','oauth','webex-usa','Y2lzY29zcGFyazovL3VzL1BFT1BMRS80ZWQxYWQ5NC02MDAzLTQzNTAtODkwYy04NTNjYTQ4ZjVlODg','RzYxOGEzOWMtM2VlNS00YmVkLTliOWYtMDc5MDE2ZjAyZGIyN2Q5MTIwNzMtOTFj_P0A1_1359f255-e2de-4dd7-acf1-a6584618a7dc','ZTUxN2FiMDktZDk1Mi00MTlmLWE4ZDQtMWQ4NTFhODk2NWM0NzRlMjcyZTQtN2E5_P0A1_1359f255-e2de-4dd7-acf1-a6584618a7dc',1772295219,'Bearer','meeting:schedules_read spark:people_read',NULL,NULL,7775999),('cmlmipj7u000ml2od63huhft1','cmlmipj7g000ll2od9lxfac7n','oauth','webex-usa','Y2lzY29zcGFyazovL3VzL1BFT1BMRS8wZWVjMjk4ZC0zODQ3LTRmMTItYjdkZi1lNmE2YTA2MDQ2N2I','RTdlOWZlZTctNTlmMi00ZTU0LTg5ODMtNWVjOWY1YjYzZTg5ZTQ5ZmRjYTAtYjVi_PF84_6b0eeda0-0a96-4c3c-8b0a-371e192e8882','NDIwZmY0MjEtMGMzNS00MDRkLTk1NjEtMGU5ZDNkMmZhZTQ0YTM3NDM0YjktZTNi_PF84_6b0eeda0-0a96-4c3c-8b0a-371e192e8882',1772295318,'Bearer','meeting:schedules_read spark:people_read',NULL,NULL,7775999),('cmlmiqku1000ol2odjqp8s7c9','cmlmiqktn000nl2od5cwpa0n6','oauth','webex-usa','Y2lzY29zcGFyazovL3VzL1BFT1BMRS8yZWNiYWFmNC01ZGZlLTQ2ZDItYTk1MS04MDM4ZDE5NTRiMzM','RTQ1NGExNmMtNWIwNC00YzM1LThkZWItNGU3MGE0YzI1YWQ4Y2FkNmRmMGMtMTEz_P0A1_1359f255-e2de-4dd7-acf1-a6584618a7dc','NTE3MTk2YTMtZTg2MS00M2I4LWJiZGUtZDNjYWFmMjEwZjJjMzAzMDMxYjgtN2Vh_P0A1_1359f255-e2de-4dd7-acf1-a6584618a7dc',1772295366,'Bearer','meeting:schedules_read spark:people_read',NULL,NULL,7775999),('cmlmirl3i000rl2odwf6bkik4','cmlmirl34000ql2odr9mcy5se','oauth','webex-usa','Y2lzY29zcGFyazovL3VzL1BFT1BMRS9iYmJiOTJjMC02Zjg1LTRjNTctYWI4MS01YWQ5ODRjMWM3MzE','RjBjYjdjNWQtYmU2YS00NTM5LWJiYjItMjkwMmM3M2Q5ZDZkZjhkMGVmNjUtNmM3_P0A1_1359f255-e2de-4dd7-acf1-a6584618a7dc','NGY0MzY1MmItODdhMy00Y2ZiLWIyYzUtNGFiMDJhOTc1MTVkZjEwYmI4ZDUtYjA5_P0A1_1359f255-e2de-4dd7-acf1-a6584618a7dc',1772295413,'Bearer','meeting:schedules_read spark:people_read',NULL,NULL,7775999),('cmlmivx0b000vl2odb9hckycw','cmlmivwzx000ul2odzb5fd0ez','oauth','webex-usa','Y2lzY29zcGFyazovL3VzL1BFT1BMRS84MDI2OTZlOC04YWViLTQ5MzAtYjJmMS00NjBlNjJkZTY1NWI','RDc3NGZjM2EtNjBhOS00NTRmLWJhYTYtNTRiN2ViOWQ4NmRmZTI0ZWEzNDQtYWZk_P0A1_1359f255-e2de-4dd7-acf1-a6584618a7dc','MDAyMDFjZjUtZTIxYi00YjJkLTkxYjYtNDBiNTQwY2E3NThlMTIwYzY2YjQtNjlm_P0A1_1359f255-e2de-4dd7-acf1-a6584618a7dc',1772295616,'Bearer','meeting:schedules_read spark:people_read',NULL,NULL,7775999),('cmlmjs95m0011l2odouuoo5k0','cmlmjs95a0010l2od8j4r5bpj','oauth','webex-usa','Y2lzY29zcGFyazovL3VzL1BFT1BMRS80MDViMDJhMS00YWFjLTQ5ZmQtOTkyYy1jOWZhOWIyYTc5Nzc','RWIzM2I4MDctYWIyNi00NTc0LTgyZTEtMzdmMmE3NDNjMGU1NjdiN2QxYzQtYjcy_P0A1_1359f255-e2de-4dd7-acf1-a6584618a7dc','YzU4ZGZjYjUtMmQ5ZS00ZTI5LTk4NGQtYjQ5ZTNhMDc5M2JmZTc0ZWQwMmEtODFm_P0A1_1359f255-e2de-4dd7-acf1-a6584618a7dc',1772297124,'Bearer','meeting:schedules_read spark:people_read',NULL,NULL,7775999),('cmlmjwv9r0013l2od8r4rhz5k','cmlmjwv9d0012l2od6ikfjvmd','oauth','webex-usa','Y2lzY29zcGFyazovL3VzL1BFT1BMRS82Nzg1MDUxMi0zOTNlLTQxNDMtODUxMC01OTgzNTg2YjgzZjc','RzQ3YmIxMjQtODFhNy00ZjZlLWIzN2MtMGU0YTFlNGE4OWJmNzcyNjhhZmYtM2Rj_P0A1_71c58703-9cda-4387-b2d8-f58707a32a42','ZDA1YTFjNzQtNjQ2NC00N2E4LWE5YjItMmY1ZDdkMTE0YWU2YzRjNzUzMTctNWRl_P0A1_71c58703-9cda-4387-b2d8-f58707a32a42',1772297340,'Bearer','meeting:schedules_read spark:people_read',NULL,NULL,7775999),('cmlmk3i7m0015l2odq2j8sw8a','cmlmk3i790014l2odywbmo38z','oauth','webex-usa','Y2lzY29zcGFyazovL3VzL1BFT1BMRS9mNTRmM2M3Yi0zMDQxLTQ2ZDktOWQxNS00YjZmZmY2NjZlNTU','RmIzYmQ0ZmMtYWNlMC00NTlmLWExNWItYTNjMmM4MzViODA3MmE2NTk5ZjItZjgx_P0A1_71c58703-9cda-4387-b2d8-f58707a32a42','M2RhMDQwZjUtMDE1NS00MjU3LTlkNDUtOGUwNjA3ZjdlNDljMTk2ZTY4ZjAtZTQy_P0A1_71c58703-9cda-4387-b2d8-f58707a32a42',1772297649,'Bearer','meeting:schedules_read spark:people_read',NULL,NULL,7775999),('cmlmsc2fj001al2od11r8y8nm','cmlmsc2f60019l2od1cr7o719','oauth','webex-usa','Y2lzY29zcGFyazovL3VzL1BFT1BMRS8yMzBmOGIwOC1hZGE0LTRlZGItODg5NC02NzE5Mjg3NmQzNDU','R2FhNjA1NTQtYjBmMy00NmVkLThjYTMtY2QwMGRjZjQyY2Q3MzhhZWYzNTctYjlm_P0A1_1359f255-e2de-4dd7-acf1-a6584618a7dc','MDI3NDA5MDgtOTQwNC00ODhiLWE1NzAtYTYwYTZhZmVmZWU1NjBmMTI3MTQtNTM4_P0A1_1359f255-e2de-4dd7-acf1-a6584618a7dc',1772311486,'Bearer','meeting:schedules_read spark:people_read',NULL,NULL,7775999);
/*!40000 ALTER TABLE `Account` ENABLE KEYS */;
UNLOCK TABLES;

--
-- Table structure for table `Session`
--

DROP TABLE IF EXISTS `Session`;
/*!40101 SET @saved_cs_client     = @@character_set_client */;
/*!50503 SET character_set_client = utf8mb4 */;
CREATE TABLE `Session` (
  `id` varchar(191) COLLATE utf8mb4_unicode_ci NOT NULL,
  `sessionToken` varchar(191) COLLATE utf8mb4_unicode_ci NOT NULL,
  `userId` varchar(191) COLLATE utf8mb4_unicode_ci NOT NULL,
  `expires` datetime(3) NOT NULL,
  PRIMARY KEY (`id`),
  UNIQUE KEY `Session_sessionToken_key` (`sessionToken`),
  KEY `Session_userId_fkey` (`userId`),
  CONSTRAINT `Session_userId_fkey` FOREIGN KEY (`userId`) REFERENCES `User` (`id`) ON DELETE CASCADE ON UPDATE CASCADE
) ENGINE=InnoDB DEFAULT CHARSET=utf8mb4 COLLATE=utf8mb4_unicode_ci;
/*!40101 SET character_set_client = @saved_cs_client */;

--
-- Dumping data for table `Session`
--

LOCK TABLES `Session` WRITE;
/*!40000 ALTER TABLE `Session` DISABLE KEYS */;
/*!40000 ALTER TABLE `Session` ENABLE KEYS */;
UNLOCK TABLES;

--
-- Table structure for table `Tenant`
--

DROP TABLE IF EXISTS `Tenant`;
/*!40101 SET @saved_cs_client     = @@character_set_client */;
/*!50503 SET character_set_client = utf8mb4 */;
CREATE TABLE `Tenant` (
  `id` varchar(191) COLLATE utf8mb4_unicode_ci NOT NULL,
  `name` varchar(191) COLLATE utf8mb4_unicode_ci NOT NULL,
  `slug` varchar(191) COLLATE utf8mb4_unicode_ci NOT NULL,
  `createdAt` datetime(3) NOT NULL DEFAULT CURRENT_TIMESTAMP(3),
  `updatedAt` datetime(3) NOT NULL,
  PRIMARY KEY (`id`),
  UNIQUE KEY `Tenant_slug_key` (`slug`)
) ENGINE=InnoDB DEFAULT CHARSET=utf8mb4 COLLATE=utf8mb4_unicode_ci;
/*!40101 SET character_set_client = @saved_cs_client */;

--
-- Dumping data for table `Tenant`
--

LOCK TABLES `Tenant` WRITE;
/*!40000 ALTER TABLE `Tenant` DISABLE KEYS */;
INSERT INTO `Tenant` VALUES ('cmksnn1820000vjodg7mhz4c7','Webex USA','usa','2026-01-24 18:40:15.596','2026-01-24 23:43:07.284'),('cmksnn18k0001vjodk2rmokz1','Webex India','india','2026-01-24 18:40:15.618','2026-01-24 23:43:07.401'),('cmksnn18w0002vjod5w4rhkw2','Webex International','intl','2026-01-24 18:40:15.629','2026-01-24 23:43:07.412');
/*!40000 ALTER TABLE `Tenant` ENABLE KEYS */;
UNLOCK TABLES;

--
-- Table structure for table `Upload`
--

DROP TABLE IF EXISTS `Upload`;
/*!40101 SET @saved_cs_client     = @@character_set_client */;
/*!50503 SET character_set_client = utf8mb4 */;
CREATE TABLE `Upload` (
  `id` varchar(191) COLLATE utf8mb4_unicode_ci NOT NULL,
  `userId` varchar(191) COLLATE utf8mb4_unicode_ci NOT NULL,
  `tenantId` varchar(191) COLLATE utf8mb4_unicode_ci DEFAULT NULL,
  `filename` varchar(191) COLLATE utf8mb4_unicode_ci DEFAULT NULL,
  `contentType` varchar(191) COLLATE utf8mb4_unicode_ci DEFAULT NULL,
  `sizeBytes` int DEFAULT NULL,
  `bucket` varchar(191) COLLATE utf8mb4_unicode_ci NOT NULL,
  `key` varchar(191) COLLATE utf8mb4_unicode_ci NOT NULL,
  `uploadId` varchar(191) COLLATE utf8mb4_unicode_ci NOT NULL,
  `location` varchar(191) COLLATE utf8mb4_unicode_ci DEFAULT NULL,
  `status` enum('COMPLETED','FAILED') COLLATE utf8mb4_unicode_ci NOT NULL DEFAULT 'COMPLETED',
  `createdAt` datetime(3) NOT NULL DEFAULT CURRENT_TIMESTAMP(3),
  PRIMARY KEY (`id`),
  KEY `Upload_userId_idx` (`userId`),
  KEY `Upload_tenantId_idx` (`tenantId`),
  KEY `Upload_createdAt_idx` (`createdAt`),
  CONSTRAINT `Upload_tenantId_fkey` FOREIGN KEY (`tenantId`) REFERENCES `Tenant` (`id`) ON DELETE SET NULL ON UPDATE CASCADE,
  CONSTRAINT `Upload_userId_fkey` FOREIGN KEY (`userId`) REFERENCES `User` (`id`) ON DELETE CASCADE ON UPDATE CASCADE
) ENGINE=InnoDB DEFAULT CHARSET=utf8mb4 COLLATE=utf8mb4_unicode_ci;
/*!40101 SET character_set_client = @saved_cs_client */;

--
-- Dumping data for table `Upload`
--

LOCK TABLES `Upload` WRITE;
/*!40000 ALTER TABLE `Upload` DISABLE KEYS */;
INSERT INTO `Upload` VALUES ('cmkubx0tn0000q2odlnr0gtwb','cmkss1szi00027todpr61mhd3','cmksnn1820000vjodg7mhz4c7','CMW-lamp-logo-1.png','image/png',357944,'guinessrecord','cmksnn1820000vjodg7mhz4c7/7rx0sw/recordings/7rx0sw-1769381257447-CMW-lamp-logo-1.png','frXWnAGhl2jn5hRQm3qr4NwfkOs5deCAjjAKKrWXvNp07iI5UtWhPidJBNQxSvYSngc.dm36KeLuUOuxw4THLLoCs9oSOE2Jnljsyd_7110RzGWiL4MTWrm.utSwKRvr','https://guinessrecord.s3.us-east-1.amazonaws.com/cmksnn1820000vjodg7mhz4c7%2F7rx0sw%2Frecordings%2F7rx0sw-1769381257447-CMW-lamp-logo-1.png','COMPLETED','2026-01-25 22:47:38.596'),('cmkuc154u0001q2od0dtd0yrx','cmkss1szi00027todpr61mhd3','cmksnn1820000vjodg7mhz4c7','CMW-lamp-logo-1.png','image/png',357944,'guinessrecord','cmksnn1820000vjodg7mhz4c7/7rx0sw/recordings/7rx0sw-1769381450065-CMW-lamp-logo-1.png','pfevPQ9sKtUcEg.46mBuXbIv.Y4fVWq.Nl_dTL3snnuhKYpWqkcvKwkImfhXQcuPEfNveEV154NS9rCkvg3AVSqpVdw7MC3aGOs0n0Mio_aETbG5zv_ZReCw3Ys0wBwk','https://guinessrecord.s3.us-east-1.amazonaws.com/cmksnn1820000vjodg7mhz4c7%2F7rx0sw%2Frecordings%2F7rx0sw-1769381450065-CMW-lamp-logo-1.png','COMPLETED','2026-01-25 22:50:50.812'),('cmkucarna0002q2odqpqb1d7d','cmkss1szi00027todpr61mhd3','cmksnn1820000vjodg7mhz4c7','1 - CMW-lamp-logo-1.png','image/png',340154,'guinessrecord','cmksnn1820000vjodg7mhz4c7/CMS_7rx0sw/recordings/CMS_7rx0sw-1769381898594-1_-_CMW-lamp-logo-1.png','8T3Zml.9r6J49jRIMd3wAvSJeG.Z4FDWon_SymTQl8WHJ.NHmoYgoEmy0onnkNrwl6FYr80SQ2JL_z2_vdLl24NdVxPkaZAxfJuRct5WgBPieRBW3MtbCwN2sb_ABv4H','https://guinessrecord.s3.us-east-1.amazonaws.com/cmksnn1820000vjodg7mhz4c7%2FCMS_7rx0sw%2Frecordings%2FCMS_7rx0sw-1769381898594-1_-_CMW-lamp-logo-1.png','COMPLETED','2026-01-25 22:58:19.892'),('cmkvwmnkd0002ajodu7dj0k0o','cmkss0ma000007tod81boavll','cmksnn1820000vjodg7mhz4c7','Webex_Host_Portal_Wireframe.pdf','application/pdf',2621,'guinessrecord','cmksnn1820000vjodg7mhz4c7/CMS_ptk675/recordings/CMS_ptk675-1769476512145-Webex_Host_Portal_Wireframe.pdf','mqMhvaOC2anLLF9bL8fCthrSkQHpAiZdIoYTovTU1nsM3.Zd.nyPcKHavqQpOEbdReEhGIjkmfo6oOcqAx0Vck3pnUVk_eQa4bSFNeTMWuwft5PKF2UJGnRPv07OQy78','https://guinessrecord.s3.us-east-1.amazonaws.com/cmksnn1820000vjodg7mhz4c7%2FCMS_ptk675%2Frecordings%2FCMS_ptk675-1769476512145-Webex_Host_Portal_Wireframe.pdf','COMPLETED','2026-01-27 01:15:12.971'),('cmkvxnemb0003ajodehqepkaq','cmkss0ma000007tod81boavll','cmksnn1820000vjodg7mhz4c7','Gita pacer video - NO Audio.mp4','video/mp4',118669868,'guinessrecord','cmksnn1820000vjodg7mhz4c7/CMS_ptk675/recordings/CMS_ptk675-1769478214523-Gita_pacer_video_-_NO_Audio.mp4','YMAVak5M_RyZhbH9sdSn21I5QRN_2zLRkR19aUEukWRbm0GQP5er9s34XhNMdI17wHLsLYfJ_W8FsJxgs0B_LGeCgwlbOisOMOozgP6KUc1eYUtmqmg_eBO3AV3nJI09','https://guinessrecord.s3.us-east-1.amazonaws.com/cmksnn1820000vjodg7mhz4c7%2FCMS_ptk675%2Frecordings%2FCMS_ptk675-1769478214523-Gita_pacer_video_-_NO_Audio.mp4','COMPLETED','2026-01-27 01:43:47.650'),('cmkvxqibb0004ajodmai758g3','cmkt454wm0000okods6y1bcu3','cmksnn1820000vjodg7mhz4c7','2uzem2-1769300644963-2025-12-15_19-17-41.mp4','video/mp4',54643057,'guinessrecord','cmksnn1820000vjodg7mhz4c7/3lyztb/recordings/3lyztb-1769478365884-2uzem2-1769300644963-2025-12-15_19-17-41.mp4','piVIM2QVMPNSqvB9jim0Zg90gEvVpTZ.1Vpbi_AvHIrvbQQ9fB5ksRfji7FJnaBwGP2UO06f4avYGekl1g5n.wrEVsLHe.lJ6v4migac3qgkPGTNHFekLwKYvIjXwxSP','https://guinessrecord.s3.us-east-1.amazonaws.com/cmksnn1820000vjodg7mhz4c7%2F3lyztb%2Frecordings%2F3lyztb-1769478365884-2uzem2-1769300644963-2025-12-15_19-17-41.mp4','COMPLETED','2026-01-27 01:46:12.406'),('cmkvxwcqh0005ajodaqrqr7av','cmkt454wm0000okods6y1bcu3','cmksnn1820000vjodg7mhz4c7','2026-01-24 11-01-57.mov','video/quicktime',36667670,'guinessrecord','cmksnn1820000vjodg7mhz4c7/3lyztb/recordings/3lyztb-1769478640036-2026-01-24_11-01-57.mov','QEM7U5vGWL2MlV_VXDrMmfHN1vqbw3J1X2BE4VCKhO4Ghyb9VxLlDFTMLC7NZlspf_jl7kEWaKeu7wOB4PyYIfHjI6dS00xgFfrtjzMsrT69Ee.TV8e7Zip5VnCJ9AlT','https://guinessrecord.s3.us-east-1.amazonaws.com/cmksnn1820000vjodg7mhz4c7%2F3lyztb%2Frecordings%2F3lyztb-1769478640036-2026-01-24_11-01-57.mov','COMPLETED','2026-01-27 01:50:45.112'),('cmkvxxy5v0006ajodnouzsguv','cmkt454wm0000okods6y1bcu3','cmksnn1820000vjodg7mhz4c7','2026-01-24 11-01-57.mov','video/quicktime',36667670,'guinessrecord','cmksnn1820000vjodg7mhz4c7/3lyztb/recordings/3lyztb-1769478715104-2026-01-24_11-01-57.mov','QWDNDsCsDlCCIx1bQUnJQZueoF61lVpKS7piTvToUCEoE6q3EA1_ZyMSprCyOg0oApXXSID0i_3aFBe.cBAehCk8Gd_Zd6.fWAxCWe0F6TrPWJRJfzTsDCfRodTfAicB','https://guinessrecord.s3.us-east-1.amazonaws.com/cmksnn1820000vjodg7mhz4c7%2F3lyztb%2Frecordings%2F3lyztb-1769478715104-2026-01-24_11-01-57.mov','COMPLETED','2026-01-27 01:51:59.538'),('cmlcbg7ri0000zgodkn840qzf','cmkss1szi00027todpr61mhd3','cmksnn1820000vjodg7mhz4c7','35feb6df-511e-402f-8072-d638f53fd784.pdf','application/pdf',111434,'guinessrecord','cmksnn1820000vjodg7mhz4c7/CMS_7rx0sw/recordings/CMS_7rx0sw-1770468864701-35feb6df-511e-402f-8072-d638f53fd784.pdf','vAvsU.VoGT_rYTaWOxwkJbsQJZjrq5Sl6mphuXc6F2kUQJ5Z2VZZb76lwFxiVO1y1ukCegxAHS3wLnv8hivr_WehAQvzyAr5isIU_vA1L2WjFQyDCKG1w4xEdRtztnzs','https://guinessrecord.s3.us-east-1.amazonaws.com/cmksnn1820000vjodg7mhz4c7%2FCMS_7rx0sw%2Frecordings%2FCMS_7rx0sw-1770468864701-35feb6df-511e-402f-8072-d638f53fd784.pdf','COMPLETED','2026-02-07 12:54:25.613'),('cmlcghnlp0002y6odp095fhok','cmlcgazad0000y6odzn96maqc','cmksnn1820000vjodg7mhz4c7','TestRecording_Feb7th.mp4','video/mp4',44959738,'guinessrecord','cmksnn1820000vjodg7mhz4c7/CMSI_o22hat/recordings/CMSI_o22hat-1770477314659-TestRecording_Feb7th.mp4','QiBIJfazXPE0XyJBpM7_V3rYYbkjD0o21cRQCteE6Ir74ql0FbsyzjMYauKoKosf2YLQCa_h6T2LWmycGM2iVVQEw40O..cg64qMy4F7tPK231oxVW93lQFw6czo8.XJ','https://guinessrecord.s3.us-east-1.amazonaws.com/cmksnn1820000vjodg7mhz4c7%2FCMSI_o22hat%2Frecordings%2FCMSI_o22hat-1770477314659-TestRecording_Feb7th.mp4','COMPLETED','2026-02-07 15:15:30.877'),('cmlch8isz0003y6odvnigsvgm','cmlcgazad0000y6odzn96maqc','cmksnn1820000vjodg7mhz4c7','TestRecording_Feb7th.mp4','video/mp4',44959738,'guinessrecord','cmksnn1820000vjodg7mhz4c7/CMSI_o22hat/recordings/CMSI_o22hat-1770478568935-TestRecording_Feb7th.mp4','D1mfEtagir.T44srH3C9gdUWYezqrJOukeJpeQ4gUXlWMNUtuDGiw_q3HsrVK4j4Twxe6vHAatP3IlOZ9RfIXvVnpOh9wGWuXPr3C2rmaaGqhY.MHCOHxwW8YnX6CXgZ','https://guinessrecord.s3.us-east-1.amazonaws.com/cmksnn1820000vjodg7mhz4c7%2FCMSI_o22hat%2Frecordings%2FCMSI_o22hat-1770478568935-TestRecording_Feb7th.mp4','COMPLETED','2026-02-07 15:36:24.370'),('cmlch95pt0004y6odghw3nr30','cmlcgazad0000y6odzn96maqc','cmksnn1820000vjodg7mhz4c7','Feb7_2nd_TestRecord.mp4','video/mp4',24370333,'guinessrecord','cmksnn1820000vjodg7mhz4c7/CMSI_o22hat/recordings/CMSI_o22hat-1770478603542-Feb7_2nd_TestRecord.mp4','asHguFhk31uTYEti9iYt4m1W7gn_ZXGTmFQPqUtBFrSaHyY8optb8atlpF0ieetaOib4FZO4CZ3CsqJ8RLBfs4St9Px3YnB17vB74h_x51v5S2tXJPsBYVpr4mBBrfkA','https://guinessrecord.s3.us-east-1.amazonaws.com/cmksnn1820000vjodg7mhz4c7%2FCMSI_o22hat%2Frecordings%2FCMSI_o22hat-1770478603542-Feb7_2nd_TestRecord.mp4','COMPLETED','2026-02-07 15:36:54.065'),('cmlchm7c30007y6odba097phi','cmlchithc0005y6odq8eli71y','cmksnn1820000vjodg7mhz4c7','2026-02-07 21-08-38.mp4','video/mp4',19947585,'guinessrecord','cmksnn1820000vjodg7mhz4c7/CMSI_dtr54m/recordings/CMSI_dtr54m-1770479163660-2026-02-07_21-08-38.mp4','a48o3KL2WuBVYT59ZH3VvYg06t5zFrgkyB14lYeT0dprVHSdFwDsQiGzCH0c02aECz4Lq_B1FkVPJG.ZIyItp0ENPf9ZMYF_TKfwEBJRpY1OjY9bq_w9z8cYHNOe6TeU','https://guinessrecord.s3.us-east-1.amazonaws.com/cmksnn1820000vjodg7mhz4c7%2FCMSI_dtr54m%2Frecordings%2FCMSI_dtr54m-1770479163660-2026-02-07_21-08-38.mp4','COMPLETED','2026-02-07 15:47:02.690'),('cmlci5eed000ay6odt5e10wlw','cmlchqn6g0008y6od8v8kgngr','cmksnn1820000vjodg7mhz4c7','Chinmaya_Sudarshan_Gita_Samarpan_Test1_Jan312026.mp4','video/mp4',1255017469,'guinessrecord','cmksnn1820000vjodg7mhz4c7/CMS_hsuftl/recordings/CMS_hsuftl-1770479782283-Chinmaya_Sudarshan_Gita_Samarpan_Test1_Jan312026.mp4','.r6cRbBQhbBGW7k7akJCLMNwKTzLAzCCFgRNv3lDEjn70YXvs8UFzuZIK5J7wFnSUhZfSQGynLHtHY7MS_HFvlCXKQJxjHSChBtwjH3BFCDUO4tnW67pPiPa8ODlUW7l','https://guinessrecord.s3.us-east-1.amazonaws.com/cmksnn1820000vjodg7mhz4c7%2FCMS_hsuftl%2Frecordings%2FCMS_hsuftl-1770479782283-Chinmaya_Sudarshan_Gita_Samarpan_Test1_Jan312026.mp4','COMPLETED','2026-02-07 16:01:58.308'),('cmlcj8mje000dy6odwhfs9slp','cmlcj5f7o000by6odtsivjjy6','cmksnn1820000vjodg7mhz4c7','2026-02-07 21-40-59.mp4','video/mp4',11714246,'guinessrecord','cmksnn1820000vjodg7mhz4c7/CMSI_pihqqq/recordings/CMSI_pihqqq-1770481872819-2026-02-07_21-40-59.mp4','A5D6GgbZ88frQnHzeDhZbaAHti4yhc2w6ejxSznLSUyYwzQU4Tfn.RrSnUYVyI_Jh_WdZ_vz0pc5b7aIHYVO9mk6Getg7WnQ5b_cLjwYbaT93PdkN.uDd0FyKlFmHE7a','https://guinessrecord.s3.us-east-1.amazonaws.com/cmksnn1820000vjodg7mhz4c7%2FCMSI_pihqqq%2Frecordings%2FCMSI_pihqqq-1770481872819-2026-02-07_21-40-59.mp4','COMPLETED','2026-02-07 16:32:28.438'),('cmlcsqe74000gy6od7cb2hlx6','cmlcjnpb4000ey6odw7rc1j3y','cmksnn1820000vjodg7mhz4c7','2026-02-07 15-24-54.mp4','video/mp4',375163629,'guinessrecord','cmksnn1820000vjodg7mhz4c7/CMS_galnc8/recordings/CMS_galnc8-1770497847880-2026-02-07_15-24-54.mp4','NuCXsE1yA7mNWmIuWD4qsgCofviMeGEGzsRFBcLZtTx4bxmbUs03oc.3RTR90ZYpnLaKBNTT2I_DK_ANwURfVX61F9F0U7gu3mZWyJ5bSqna5a5eIEkcud6O8VWL7Hyx','https://guinessrecord.s3.us-east-1.amazonaws.com/cmksnn1820000vjodg7mhz4c7%2FCMS_galnc8%2Frecordings%2FCMS_galnc8-1770497847880-2026-02-07_15-24-54.mp4','COMPLETED','2026-02-07 20:58:13.983'),('cmlfcmzn000081kodgq6hve5h','cmlfclfpj00061kodqs8qhgu5','cmksnn1820000vjodg7mhz4c7','2026-02-07 08-22-21.mov','video/quicktime',73436078,'guinessrecord','cmksnn1820000vjodg7mhz4c7/CMSJ_xn8ikg/recordings/CMSJ_xn8ikg-1770652249048-2026-02-07_08-22-21.mov','__MHpwmOrKQVgJoWJSJftjA1q36Fb._Z.3_hiC4gugP.SPg0m4taiHadm5OGOqGHBe9QZDwV_C4n..ZagrLpXcvEN4oevX6zx43H1GAC9pQGSRWWfxkiYIqPvdQ_1QKH','https://guinessrecord.s3.us-east-1.amazonaws.com/cmksnn1820000vjodg7mhz4c7%2FCMSJ_xn8ikg%2Frecordings%2FCMSJ_xn8ikg-1770652249048-2026-02-07_08-22-21.mov','COMPLETED','2026-02-09 15:50:59.819'),('cmlit7ukm00024mod5xvq74o2','cmlit4ko000004modxbnf43lq','cmksnn1820000vjodg7mhz4c7','2026-02-07 10-23-14.mp4','video/mp4',57952506,'guinessrecord','cmksnn1820000vjodg7mhz4c7/CMS_cp0oh6/recordings/CMS_cp0oh6-1770861499049-2026-02-07_10-23-14.mp4','_aSgkbD8SkMTimAv_aWWJm4cgC6ol10f_I9JEYXJMtCwSWBPeyNIK0yLKk0YYeEO4VnHWGqioXFHZQhE_MKHRuYDYpFblM2Fjd1F9q3xs1YrGWx09nE5ToIl3jecckLl','https://guinessrecord.s3.us-east-1.amazonaws.com/cmksnn1820000vjodg7mhz4c7%2FCMS_cp0oh6%2Frecordings%2FCMS_cp0oh6-1770861499049-2026-02-07_10-23-14.mp4','COMPLETED','2026-02-12 01:58:25.412'),('cmlitar3u00034mod8a45wd4q','cmlit4ko000004modxbnf43lq','cmksnn1820000vjodg7mhz4c7','sdeshpande - Feb 10 2026.mp4','video/mp4',57952506,'guinessrecord','cmksnn1820000vjodg7mhz4c7/CMS_cp0oh6/recordings/CMS_cp0oh6-1770861634981-sdeshpande_-_Feb_10_2026.mp4','iR9mPBG313SpenJbo0_EVw1LlKj4QvjLBNxC.EOIjoQ418qGMI.ncVl5mPJ_GDD3beQpSPLDsnhiXAKBaySJ7RfH61GSseSFno2cZ5XEeweozhHoEgOyTBeMeR9Z96gh','https://guinessrecord.s3.us-east-1.amazonaws.com/cmksnn1820000vjodg7mhz4c7%2FCMS_cp0oh6%2Frecordings%2FCMS_cp0oh6-1770861634981-sdeshpande_-_Feb_10_2026.mp4','COMPLETED','2026-02-12 02:00:40.889'),('cmlmh3njs0008l2odcdqp01r6','cmlmgiyfh0004l2od9lg3perz','cmksnn1820000vjodg7mhz4c7','2026-02-14 20-47-22.mov','video/quicktime',16809937,'guinessrecord','cmksnn1820000vjodg7mhz4c7/CMSI_gny2c8/recordings/CMSI_gny2c8-1771082654185-2026-02-14_20-47-22.mov','v320oS7R2WViKTo9C4geG_uT3kRqA9m4_3Y6QLKN7aN8L.GWcXYT8rWona7rV84GqJVcKQpoPBu093gnct3yI1veAQwqdjeMLyyg9JGQ_Ub0JENziHewgxVllp___gPJ','https://guinessrecord.s3.us-east-1.amazonaws.com/cmksnn1820000vjodg7mhz4c7%2FCMSI_gny2c8%2Frecordings%2FCMSI_gny2c8-1771082654185-2026-02-14_20-47-22.mov','COMPLETED','2026-02-14 15:30:18.999'),('cmlmh6lr30009l2odmqk013tx','cmlmh3ljm0006l2oda1uchdja','cmksnn1820000vjodg7mhz4c7','2026-02-07 10-23-19.mp4','video/mp4',392253471,'guinessrecord','cmksnn1820000vjodg7mhz4c7/CMS_e812ad/recordings/CMS_e812ad-1771083104584-2026-02-07_10-23-19.mp4','oVUGFJQ5plDclG9bG8mPBpTBijX5FmOC0X.QxNYqtv54mTGBE1ixr2wQhQUmTZttdWU5hnaqt.YD93t7ggJrpuie1NoE.9iBF.RUVdkC..WsTfxZEaF5N43F4WixJhh7','https://guinessrecord.s3.us-east-1.amazonaws.com/cmksnn1820000vjodg7mhz4c7%2FCMS_e812ad%2Frecordings%2FCMS_e812ad-1771083104584-2026-02-07_10-23-19.mp4','COMPLETED','2026-02-14 15:32:36.639'),('cmlmh84jw000al2od1sy6nikr','cmlmh3ljm0006l2oda1uchdja','cmksnn1820000vjodg7mhz4c7','2026-02-07 10-23-19.mp4','video/mp4',392253471,'guinessrecord','cmksnn1820000vjodg7mhz4c7/CMS_e812ad/recordings/CMS_e812ad-1771083183046-2026-02-07_10-23-19.mp4','LD_c.9pXmTro8vYNKU5jI6hxySsP_LWHS5LUnzo7xCu6WaNv4Fd5bhwfIwGTLACxLQ8I3ehbAURzccd4lGzw87gW6LJVtxWSp2catozdtgF8w2UlcHFjhADaHJkDjLEo','https://guinessrecord.s3.us-east-1.amazonaws.com/cmksnn1820000vjodg7mhz4c7%2FCMS_e812ad%2Frecordings%2FCMS_e812ad-1771083183046-2026-02-07_10-23-19.mp4','COMPLETED','2026-02-14 15:33:47.660'),('cmlmh8olq000bl2odlhrq2ugi','cmlmh3ljm0006l2oda1uchdja','cmksnn1820000vjodg7mhz4c7','2026-02-07 10-19-51.mp4','video/mp4',2395748,'guinessrecord','cmksnn1820000vjodg7mhz4c7/CMS_e812ad/recordings/CMS_e812ad-1771083250706-2026-02-07_10-19-51.mp4','JNKpk8T7098s2_iqNpGEZdCXkdD5iXnK63siQvYSGJ2FVp.jsqtKrPsVujKranfmGnVO.LVOsd2necbYeOkGtqeFWA5OCB.CKfCr67SKoFILg1MpDW2Acdl30aIN7sda','https://guinessrecord.s3.us-east-1.amazonaws.com/cmksnn1820000vjodg7mhz4c7%2FCMS_e812ad%2Frecordings%2FCMS_e812ad-1771083250706-2026-02-07_10-19-51.mp4','COMPLETED','2026-02-14 15:34:13.646'),('cmlmhzlxp000cl2od8p2748le','cmlmgiyfh0004l2od9lg3perz','cmksnn1820000vjodg7mhz4c7','2026-02-14 21-18-32.mov','video/quicktime',17566312,'guinessrecord','cmksnn1820000vjodg7mhz4c7/CMSI_gny2c8/recordings/CMSI_gny2c8-1771084342144-2026-02-14_21-18-32.mov','3nf9GRKCFdkT83nxPYHtloEt_58P1GOcaN.OGc5a0iL5iaig8bNCSUvSF0lyVsdfuyHyHcqD.BbhTuZvuHffH4ublcP2KBOR1YPeRDkejhIV9LyVlYNcdzmrMf29tpCu','https://guinessrecord.s3.us-east-1.amazonaws.com/cmksnn1820000vjodg7mhz4c7%2FCMSI_gny2c8%2Frecordings%2FCMSI_gny2c8-1771084342144-2026-02-14_21-18-32.mov','COMPLETED','2026-02-14 15:55:09.900'),('cmlmifjpn000dl2odlmxne9kc','cmlmfopgv0002l2od0x8nxhna','cmksnn1820000vjodg7mhz4c7','2:14 Practice Meeting.mov','video/quicktime',50032581,'guinessrecord','cmksnn1820000vjodg7mhz4c7/CMS_c7on3u/recordings/CMS_c7on3u-1771085245782-2_14_Practice_Meeting.mov','wg6UnBUgbawWvgcl6t0naMaJcW1ymmClTp0cvmsCD3NjZA7SfO_FXkwrB6b.utGpI6Kp7zbB0mmhFE4ic2JPKQraGKqKUnIbU3.LjHux.Y1nxzvcBklVnHEJWomyGm21','https://guinessrecord.s3.us-east-1.amazonaws.com/cmksnn1820000vjodg7mhz4c7%2FCMS_c7on3u%2Frecordings%2FCMS_c7on3u-1771085245782-2_14_Practice_Meeting.mov','COMPLETED','2026-02-14 16:07:33.514'),('cmlmig0ur000el2odkxor8i1r','cmlmfopgv0002l2od0x8nxhna','cmksnn1820000vjodg7mhz4c7','2:14 Practice Meeting.mov','video/quicktime',50032581,'guinessrecord','cmksnn1820000vjodg7mhz4c7/CMS_c7on3u/recordings/CMS_c7on3u-1771085267771-2_14_Practice_Meeting.mov','SfP.RPW08nl9Yqe8V_Vo3iXao_MzbVp.JB.CRhgTuZ.m4lzexexkqPs8ieOHVLuRwD3zosroxpnlZSHSx0Dy_4.Inr_GRm7s6QvkARsS359J6yqp3AcvJB61xD9WGSfq','https://guinessrecord.s3.us-east-1.amazonaws.com/cmksnn1820000vjodg7mhz4c7%2FCMS_c7on3u%2Frecordings%2FCMS_c7on3u-1771085267771-2_14_Practice_Meeting.mov','COMPLETED','2026-02-14 16:07:55.730'),('cmlmir895000pl2odxjjelxze','cmlmipj7g000ll2od9lxfac7n','cmksnn1820000vjodg7mhz4c7','2026-02-14 07-56-35.mov','video/quicktime',378048121,'guinessrecord','cmksnn1820000vjodg7mhz4c7/CMSJ_8ieb8h/recordings/CMSJ_8ieb8h-1771085759029-2026-02-14_07-56-35.mov','6YnyWc4diMDtZiXpE1cQJxEYn2b1PhGPDL0bWaw4RYoECHiPZ25v6ZkeSSHLOF4IXIXS336JZhhqbwjHLGx898qd68mG0fhQiU3jyU6KQeG.X_N9m3CCpFJgX0jj_ZKx','https://guinessrecord.s3.us-east-1.amazonaws.com/cmksnn1820000vjodg7mhz4c7%2FCMSJ_8ieb8h%2Frecordings%2FCMSJ_8ieb8h-1771085759029-2026-02-14_07-56-35.mov','COMPLETED','2026-02-14 16:16:38.537'),('cmlmis41u000sl2od74cnm32a','cmlmimxkx000hl2odx0csqffs','cmksnn1820000vjodg7mhz4c7','2026-02-14 10-56-35.mp4','video/mp4',384688617,'guinessrecord','cmksnn1820000vjodg7mhz4c7/CMS_43vgg/recordings/CMS_43vgg-1771085812695-2026-02-14_10-56-35.mp4','n75YeiCz8Md.PHmy8lbYkWpPWNYOBQyiCpM4YPapJ60O7cJB1nGoOUHOIch8LDgUNpYP.DrhzGeKyY1diDBTwkKYlAvkxIANAJBqqNjyN06z.EMW98k8u00RZPnxqMlq','https://guinessrecord.s3.us-east-1.amazonaws.com/cmksnn1820000vjodg7mhz4c7%2FCMS_43vgg%2Frecordings%2FCMS_43vgg-1771085812695-2026-02-14_10-56-35.mp4','COMPLETED','2026-02-14 16:17:19.745'),('cmlmit0hu000tl2od1kzth52t','cmlmiqktn000nl2od5cwpa0n6','cmksnn1820000vjodg7mhz4c7','2026-02-07 10-23-24.mp4','video/mp4',77621461,'guinessrecord','cmksnn1820000vjodg7mhz4c7/CMS_xhl8uo/recordings/CMS_xhl8uo-1771085862504-2026-02-07_10-23-24.mp4','usyR1YyTyYE3O5YpeN2iHqjDSUThlMN.cCycqnA6A3sSReoWOyzzS15ZeeIwdhkW88.Km6E4qr2QVN7lQLT0Lq5SFhGaOJhrd.av.nPpU895IoosbsYTM3N08gtQ_NPN','https://guinessrecord.s3.us-east-1.amazonaws.com/cmksnn1820000vjodg7mhz4c7%2FCMS_xhl8uo%2Frecordings%2FCMS_xhl8uo-1771085862504-2026-02-07_10-23-24.mp4','COMPLETED','2026-02-14 16:18:01.793'),('cmlmjehdz000yl2odeywhm9ey','cmlmivwzx000ul2odzb5fd0ez','cmksnn1820000vjodg7mhz4c7','2026-02-14_10-56-42.mp4','video/mp4',98379190,'guinessrecord','cmksnn1820000vjodg7mhz4c7/CMS_rzv3j2/recordings/CMS_rzv3j2-1771086869230-2026-02-14_10-56-42.mp4','eLurny96zx6OZl9y4AWAb2VPH4FAix2Rd1Cilk8TLhq0TCRnvSSDVnNwgzrk1.YAvh4KcuhMrLaci6JH0hc6B.hqDD45dBmBl.c3ent_sh2EpTfOtHTxgJc95J4Byiys','https://guinessrecord.s3.us-east-1.amazonaws.com/cmksnn1820000vjodg7mhz4c7%2FCMS_rzv3j2%2Frecordings%2FCMS_rzv3j2-1771086869230-2026-02-14_10-56-42.mp4','COMPLETED','2026-02-14 16:34:43.463'),('cmlmjlbu4000zl2odbkk1q7yp','cmlmgiyfh0004l2od9lg3perz','cmksnn1820000vjodg7mhz4c7','2026-02-14 22-04-05.mov','video/quicktime',7516289,'guinessrecord','cmksnn1820000vjodg7mhz4c7/CMSI_gny2c8/recordings/CMSI_gny2c8-1771087006434-2026-02-14_22-04-05.mov','AdOKwMhs0x9HNffj7NwPshmnVPd3X7J.TNmL9Z5nmASCIDka_wqbYGHiyixglBhP5eM_5lDnJ9u6_uHRBDMuV88qLrS2rSRTHgtiOEqO1qNxOZ3EJiRcBV82oMoqZzbb','https://guinessrecord.s3.us-east-1.amazonaws.com/cmksnn1820000vjodg7mhz4c7%2FCMSI_gny2c8%2Frecordings%2FCMSI_gny2c8-1771087006434-2026-02-14_22-04-05.mov','COMPLETED','2026-02-14 16:40:02.860'),('cmlmk4eo30016l2odxubd7d8c','cmlmjwv9d0012l2od6ikfjvmd','cmksnn1820000vjodg7mhz4c7','2026-02-14 21-14-00.mp4','video/mp4',63175859,'guinessrecord','cmksnn1820000vjodg7mhz4c7/CMSI_8ba0w4/recordings/CMSI_8ba0w4-1771087796837-2026-02-14_21-14-00.mp4','8BtJE1.5f5NqNqPVOZoqQ62wNH9p8.RKboPG2fF0oNHvjL5oppdnIC99E2opPR3BykTlRmvVT.hzXb7p1A5IZERS7L7.K9W1LUOlaYc24gZ15d2.GcSih.dsIhOnGeYp','https://guinessrecord.s3.us-east-1.amazonaws.com/cmksnn1820000vjodg7mhz4c7%2FCMSI_8ba0w4%2Frecordings%2FCMSI_8ba0w4-1771087796837-2026-02-14_21-14-00.mp4','COMPLETED','2026-02-14 16:54:52.995'),('cmlmk7o960017l2odylu2u1n9','cmlmk3i790014l2odywbmo38z','cmksnn1820000vjodg7mhz4c7','2026-02-14 22-03-27.mp4','video/mp4',33692051,'guinessrecord','cmksnn1820000vjodg7mhz4c7/dqxxcx/recordings/dqxxcx-1771088215164-2026-02-14_22-03-27.mp4','hDRJibJJSnq2q.ZYfWXY0XxqPERPCA6l.yCOxxON23MWvfxi1a.otlnLIs.kMzgR.JOcO54ugBqUvrFtu4uoOD55Thczl9.kH1QwF0D224yDbahhEIHMH.cFkvhE6Bjw','https://guinessrecord.s3.us-east-1.amazonaws.com/cmksnn1820000vjodg7mhz4c7%2Fdqxxcx%2Frecordings%2Fdqxxcx-1771088215164-2026-02-14_22-03-27.mp4','COMPLETED','2026-02-14 16:57:25.385'),('cmlmk9u1k0018l2odn5q4d0jw','cmlmjwv9d0012l2od6ikfjvmd','cmksnn1820000vjodg7mhz4c7','2026-02-14 21-14-00.mp4','video/mp4',63175859,'guinessrecord','cmksnn1820000vjodg7mhz4c7/CMSI_8ba0w4/recordings/CMSI_8ba0w4-1771088102513-2026-02-14_21-14-00.mp4','xcborbLzDXl5vn4fmzY7A_5JDyOtbtzJT6JUDc97wX5uq8k76H6QLbeKwE8rQNEsOxHayUtcgQuS1MQuNN.xMXUNzxeNbYNQMM.yJAWSb_9.EPnO2_uiuMNSfs0WyWQG','https://guinessrecord.s3.us-east-1.amazonaws.com/cmksnn1820000vjodg7mhz4c7%2FCMSI_8ba0w4%2Frecordings%2FCMSI_8ba0w4-1771088102513-2026-02-14_21-14-00.mp4','COMPLETED','2026-02-14 16:59:06.200'),('cmlmsfwgr001bl2od0doqcepx','cmlmsc2f60019l2od1cr7o719','cmksnn1820000vjodg7mhz4c7','2026-02-14 15-11-55.mp4','video/mp4',134201224,'guinessrecord','cmksnn1820000vjodg7mhz4c7/CMS_z0v7an/recordings/CMS_z0v7an-1771102021126-2026-02-14_15-11-55.mp4','m8PFtTolYI9Cn1NVwbtJTbpJPxorOvn7sdR6Pxy9A9hqD1Hk8kMg66s0U9bzjvw1rHpDVPrSth6gNtkae_cfZLGc6tc.fLIy_IqGv3IID6vKof6tsK9zg_wAxG0612Dn','https://guinessrecord.s3.us-east-1.amazonaws.com/cmksnn1820000vjodg7mhz4c7%2FCMS_z0v7an%2Frecordings%2FCMS_z0v7an-1771102021126-2026-02-14_15-11-55.mp4','COMPLETED','2026-02-14 20:47:46.202');
/*!40000 ALTER TABLE `Upload` ENABLE KEYS */;
UNLOCK TABLES;

--
-- Table structure for table `User`
--

DROP TABLE IF EXISTS `User`;
/*!40101 SET @saved_cs_client     = @@character_set_client */;
/*!50503 SET character_set_client = utf8mb4 */;
CREATE TABLE `User` (
  `id` varchar(191) COLLATE utf8mb4_unicode_ci NOT NULL,
  `name` varchar(191) COLLATE utf8mb4_unicode_ci DEFAULT NULL,
  `email` varchar(191) COLLATE utf8mb4_unicode_ci DEFAULT NULL,
  `image` text COLLATE utf8mb4_unicode_ci,
  `shortId` varchar(191) COLLATE utf8mb4_unicode_ci DEFAULT NULL,
  `role` enum('HOST','ADMIN','SUPERADMIN') COLLATE utf8mb4_unicode_ci NOT NULL DEFAULT 'HOST',
  `tenantId` varchar(191) COLLATE utf8mb4_unicode_ci DEFAULT NULL,
  `createdAt` datetime(3) NOT NULL DEFAULT CURRENT_TIMESTAMP(3),
  `updatedAt` datetime(3) NOT NULL,
  `emailVerified` datetime(3) DEFAULT NULL,
  `gridCols` int DEFAULT NULL,
  `gridRows` int DEFAULT NULL,
  PRIMARY KEY (`id`),
  UNIQUE KEY `User_email_key` (`email`),
  UNIQUE KEY `User_shortId_key` (`shortId`),
  KEY `User_tenantId_idx` (`tenantId`),
  KEY `User_role_idx` (`role`),
  CONSTRAINT `User_tenantId_fkey` FOREIGN KEY (`tenantId`) REFERENCES `Tenant` (`id`) ON DELETE SET NULL ON UPDATE CASCADE
) ENGINE=InnoDB DEFAULT CHARSET=utf8mb4 COLLATE=utf8mb4_unicode_ci;
/*!40101 SET character_set_client = @saved_cs_client */;

--
-- Dumping data for table `User`
--

LOCK TABLES `User` WRITE;
/*!40000 ALTER TABLE `User` DISABLE KEYS */;
INSERT INTO `User` VALUES ('cmkss0ma000007tod81boavll','Goutham Puppala','goutham.puppala@gmail.com',NULL,'ptk675','SUPERADMIN','cmksnn1820000vjodg7mhz4c7','2026-01-24 20:42:47.876','2026-02-06 21:22:09.908',NULL,9,9),('cmkss1szi00027todpr61mhd3','Madhavi Puppala','madhavi.puppala@gmail.com',NULL,'7rx0sw','HOST','cmksnn1820000vjodg7mhz4c7','2026-01-24 20:43:43.228','2026-02-07 12:47:47.664',NULL,9,9),('cmkszna7i0000l8od5xgych91','Ameetha','ameetha.ramesh@gmail.com',NULL,'2uzem2','HOST','cmksnn1820000vjodg7mhz4c7','2026-01-25 00:16:22.634','2026-02-06 21:21:38.921',NULL,5,5),('cmkszpws30002l8odwgqurtws','Ameetha Sankaranarayanan','ameethas.cr@gmail.com',NULL,'opma1w','HOST','cmksnn1820000vjodg7mhz4c7','2026-01-25 00:18:25.201','2026-02-06 21:21:38.914',NULL,5,5),('cmkt1z35c0004l8odzhyfigo2','Goutham Puppala','puppalag@yahoo.com',NULL,'oe85cn','HOST','cmksnn1820000vjodg7mhz4c7','2026-01-25 01:21:32.590','2026-02-06 21:21:38.907',NULL,5,5),('cmkt454wm0000okods6y1bcu3','Goutham Puppala','gpuppala@tethermedia.com',NULL,'3lyztb','HOST','cmksnn1820000vjodg7mhz4c7','2026-01-25 02:22:14.034','2026-02-06 21:21:38.900',NULL,8,7),('cmkvsyj6u0000ajoddef9yhgu','Pramod Gadilkar','pramod_1568@hotmail.com','https://avatar-prod-us-west-2.webexcontent.com/Avtr~V1~1359f255-e2de-4dd7-acf1-a6584618a7dc/V1~164d2bbdf6bb9480db2ca30165b6f0d9b2151fc0efd8ef6440bee3381b616894~b718b5e4372d4593bc8e5b2a704597e2~1600','gkcv47','HOST','cmksnn1820000vjodg7mhz4c7','2026-01-26 23:32:28.708','2026-02-06 21:21:38.894',NULL,5,5),('cmkvzri490007ajodyxtde66z','Venugopal Nagarajan','venugopalnagarajan@gmail.com',NULL,'ya4xm7','HOST','cmksnn1820000vjodg7mhz4c7','2026-01-27 02:42:58.040','2026-02-06 21:21:38.878',NULL,5,5),('cmkwr1j8000000todxbb9725z','Laxminarayan Chakrapani','narenchakrapani@gmail.com',NULL,'5imhy5','HOST','cmksnn1820000vjodg7mhz4c7','2026-01-27 15:26:35.661','2026-02-06 17:19:38.881',NULL,9,9),('cmlcgazad0000y6odzn96maqc','Shruthi Ponnala','shruthiponnala@gmail.com',NULL,'o22hat','HOST','cmksnn1820000vjodg7mhz4c7','2026-02-07 15:10:19.424','2026-02-07 15:10:19.501',NULL,NULL,NULL),('cmlchithc0005y6odq8eli71y','Varsha Patil','varshavilas.patil83@gmail.com',NULL,'dtr54m','HOST','cmksnn1820000vjodg7mhz4c7','2026-02-07 15:44:24.767','2026-02-07 15:44:24.822',NULL,NULL,NULL),('cmlchqn6g0008y6od8v8kgngr','Arun Ravisankar','arunravisankar@gmail.com',NULL,'hsuftl','HOST','cmksnn1820000vjodg7mhz4c7','2026-02-07 15:50:29.846','2026-02-07 15:51:43.015',NULL,9,9),('cmlcj5f7o000by6odtsivjjy6','Nitali Sankhe','nitalisankhe26@gmail.com',NULL,'pihqqq','HOST','cmksnn1820000vjodg7mhz4c7','2026-02-07 16:29:58.979','2026-02-07 16:29:59.027',NULL,NULL,NULL),('cmlcjnpb4000ey6odw7rc1j3y','Sujatha Ramanujam','sujaramanuj@gmail.com',NULL,'galnc8','HOST','cmksnn1820000vjodg7mhz4c7','2026-02-07 16:44:11.872','2026-02-07 20:59:23.453',NULL,9,9),('cmlf3nxyr00001kod0t9rkb2v','Vaibhav Rana','ranavaibhav@gmail.com',NULL,'pyisbs','HOST','cmksnn1820000vjodg7mhz4c7','2026-02-09 11:39:47.756','2026-02-09 11:39:47.841',NULL,NULL,NULL),('cmlf3zc6o00021kod3s2i2d71','Meena Shankar','shankarmeena@gmail.com',NULL,'furckp','HOST','cmksnn1820000vjodg7mhz4c7','2026-02-09 11:48:39.407','2026-02-09 11:48:39.454',NULL,NULL,NULL),('cmlf79h9y00041kod7vuwg8oq','Prabhakar Hegde','pkhrunner@gmail.com','https://avatar-prod-us-west-2.webexcontent.com/Avtr~V1~1359f255-e2de-4dd7-acf1-a6584618a7dc/V1~8726f862f0a3ab7c15e5d86a5539c89cae8f46c2b9becc9594c0595162c76058~9fda834f955e4e2fb56a0ee286ebc03e~1600','1sygoe','HOST','cmksnn1820000vjodg7mhz4c7','2026-02-09 13:20:31.414','2026-02-09 13:28:02.185',NULL,8,8),('cmlfclfpj00061kodqs8qhgu5','Sujatha Iyer','sujatha.iyer@cmsj.org',NULL,'xn8ikg','HOST','cmksnn1820000vjodg7mhz4c7','2026-02-09 15:49:47.334','2026-02-09 15:49:47.386',NULL,NULL,NULL),('cmlfh60kg00091kodz6wpzsbj','Sanjeev Nair','sjn2111@columbia.edu',NULL,'ft1x90','HOST','cmksnn1820000vjodg7mhz4c7','2026-02-09 17:57:45.951','2026-02-09 17:57:46.006',NULL,NULL,NULL),('cmlftkhxq0000isod5bjnyxff','Madhu Kopalle','mkopalle@gmail.com',NULL,'vn96s4','HOST','cmksnn1820000vjodg7mhz4c7','2026-02-09 23:44:57.036','2026-02-09 23:44:57.137',NULL,NULL,NULL),('cmlgc1p8q0002isodvzcgv7is','Roli Kapoor','thekapoor@yahoo.com',NULL,'b8ssck','HOST','cmksnn1820000vjodg7mhz4c7','2026-02-10 08:22:12.745','2026-02-14 16:32:36.764',NULL,8,8),('cmlit4ko000004modxbnf43lq','Sudhir Deshpande','dsudhir150@gmail.com',NULL,'cp0oh6','HOST','cmksnn1820000vjodg7mhz4c7','2026-02-12 01:55:52.604','2026-02-12 01:55:52.680',NULL,NULL,NULL),('cmlmdbtds0000l2odvuseknlc','Ram Sundaresan','ram_sundaresan@hotmail.com',NULL,'a0go1o','HOST','cmksnn1820000vjodg7mhz4c7','2026-02-14 13:44:41.342','2026-02-14 14:03:57.122',NULL,9,7),('cmlmfopgv0002l2od0x8nxhna','Vedha Vembar','vedha.vembar@gmail.com',NULL,'c7on3u','HOST','cmksnn1820000vjodg7mhz4c7','2026-02-14 14:50:42.031','2026-02-14 15:28:13.340',NULL,5,5),('cmlmgiyfh0004l2od9lg3perz','Roshni Mahesh','roshni.mahesh@gmail.com',NULL,'gny2c8','HOST','cmksnn1820000vjodg7mhz4c7','2026-02-14 15:14:13.325','2026-02-14 15:14:13.361',NULL,NULL,NULL),('cmlmh3ljm0006l2oda1uchdja','Dharmalingam Kalaivani','vanidharma3@gmail.com',NULL,'e812ad','HOST','cmksnn1820000vjodg7mhz4c7','2026-02-14 15:30:16.401','2026-02-14 15:30:16.440',NULL,NULL,NULL),('cmlmima2q000fl2odvbdgb58u','Sravan Muppuru','smuppuru@outlook.com',NULL,'4wdwhv','HOST','cmksnn1820000vjodg7mhz4c7','2026-02-14 16:12:47.617','2026-02-14 16:12:47.651',NULL,NULL,NULL),('cmlmimxkx000hl2odx0csqffs','Sumathi Ramachandran','cssumathi@gmail.com',NULL,'43vgg','HOST','cmksnn1820000vjodg7mhz4c7','2026-02-14 16:13:18.081','2026-02-14 16:13:18.115',NULL,NULL,NULL),('cmlminf6z000jl2od2zdo16wn','Sapna Sharma','sapnasharmacseva@gmail.com',NULL,'46t8le','HOST','cmksnn1820000vjodg7mhz4c7','2026-02-14 16:13:40.905','2026-02-14 16:13:40.941',NULL,NULL,NULL),('cmlmipj7g000ll2od9lxfac7n','RadhaRani Venkatraman','radharani.venkatraman@cmsj.org',NULL,'8ieb8h','HOST','cmksnn1820000vjodg7mhz4c7','2026-02-14 16:15:19.418','2026-02-14 16:15:19.452',NULL,NULL,NULL),('cmlmiqktn000nl2od5cwpa0n6','Aruna Ramineni','arunasri123@gmail.com',NULL,'xhl8uo','HOST','cmksnn1820000vjodg7mhz4c7','2026-02-14 16:16:08.171','2026-02-14 16:16:08.205',NULL,NULL,NULL),('cmlmirl34000ql2odr9mcy5se','Rakesh Dahagam','drakesh525@gmail.com',NULL,'dbst09','HOST','cmksnn1820000vjodg7mhz4c7','2026-02-14 16:16:55.168','2026-02-14 16:16:55.201',NULL,NULL,NULL),('cmlmivwzx000ul2odzb5fd0ez','Purushottam Nayak','shenoyshan03@gmail.com',NULL,'rzv3j2','HOST','cmksnn1820000vjodg7mhz4c7','2026-02-14 16:20:17.229','2026-02-14 16:21:27.858',NULL,8,8),('cmlmjs95a0010l2od8j4r5bpj','Aditi singh','ally.aditi@gmail.com',NULL,'zfupt6','HOST','cmksnn1820000vjodg7mhz4c7','2026-02-14 16:45:25.965','2026-02-14 16:45:26.003',NULL,NULL,NULL),('cmlmjwv9d0012l2od6ikfjvmd','Harshita Gharat','cvteacher1995@gmail.com',NULL,'8ba0w4','HOST','cmksnn1820000vjodg7mhz4c7','2026-02-14 16:49:01.249','2026-02-14 16:49:01.284',NULL,NULL,NULL),('cmlmk3i790014l2odywbmo38z','SHEETAL  GHARAT','gharatsheetalnarendra@gmail.com',NULL,'dqxxcx','HOST','cmksnn1820000vjodg7mhz4c7','2026-02-14 16:54:10.915','2026-02-14 16:54:10.951',NULL,NULL,NULL),('cmlmsc2f60019l2od1cr7o719','Vasavi Marabathula','csvasavi@yahoo.com',NULL,'z0v7an','HOST','cmksnn1820000vjodg7mhz4c7','2026-02-14 20:44:47.297','2026-02-14 20:51:29.035',NULL,9,9);
/*!40000 ALTER TABLE `User` ENABLE KEYS */;
UNLOCK TABLES;

--
-- Table structure for table `VerificationToken`
--

DROP TABLE IF EXISTS `VerificationToken`;
/*!40101 SET @saved_cs_client     = @@character_set_client */;
/*!50503 SET character_set_client = utf8mb4 */;
CREATE TABLE `VerificationToken` (
  `identifier` varchar(191) COLLATE utf8mb4_unicode_ci NOT NULL,
  `token` varchar(191) COLLATE utf8mb4_unicode_ci NOT NULL,
  `expires` datetime(3) NOT NULL,
  UNIQUE KEY `VerificationToken_token_key` (`token`),
  UNIQUE KEY `VerificationToken_identifier_token_key` (`identifier`,`token`)
) ENGINE=InnoDB DEFAULT CHARSET=utf8mb4 COLLATE=utf8mb4_unicode_ci;
/*!40101 SET character_set_client = @saved_cs_client */;

--
-- Dumping data for table `VerificationToken`
--

LOCK TABLES `VerificationToken` WRITE;
/*!40000 ALTER TABLE `VerificationToken` DISABLE KEYS */;
/*!40000 ALTER TABLE `VerificationToken` ENABLE KEYS */;
UNLOCK TABLES;

--
-- Table structure for table `_prisma_migrations`
--

DROP TABLE IF EXISTS `_prisma_migrations`;
/*!40101 SET @saved_cs_client     = @@character_set_client */;
/*!50503 SET character_set_client = utf8mb4 */;
CREATE TABLE `_prisma_migrations` (
  `id` varchar(36) COLLATE utf8mb4_unicode_ci NOT NULL,
  `checksum` varchar(64) COLLATE utf8mb4_unicode_ci NOT NULL,
  `finished_at` datetime(3) DEFAULT NULL,
  `migration_name` varchar(255) COLLATE utf8mb4_unicode_ci NOT NULL,
  `logs` text COLLATE utf8mb4_unicode_ci,
  `rolled_back_at` datetime(3) DEFAULT NULL,
  `started_at` datetime(3) NOT NULL DEFAULT CURRENT_TIMESTAMP(3),
  `applied_steps_count` int unsigned NOT NULL DEFAULT '0',
  PRIMARY KEY (`id`)
) ENGINE=InnoDB DEFAULT CHARSET=utf8mb4 COLLATE=utf8mb4_unicode_ci;
/*!40101 SET character_set_client = @saved_cs_client */;

--
-- Dumping data for table `_prisma_migrations`
--

LOCK TABLES `_prisma_migrations` WRITE;
/*!40000 ALTER TABLE `_prisma_migrations` DISABLE KEYS */;
INSERT INTO `_prisma_migrations` VALUES ('0426a211-daa7-467d-9f55-7f6e26adfb79','c0f6b4a2f6f9991338b2a0c47a2a9559963ad9ce67e87fb9a1f6d262dc8f541b','2026-01-26 23:31:06.307','20260126233106_migration5',NULL,NULL,'2026-01-26 23:31:06.230',1),('39e30eff-e5d9-4a69-8ab8-560bb20e4a0e','9cdc7ddfc12baea369d0cce82abfc567601abedf6900a6905f2648fdecd099a3','2026-01-20 21:39:39.047','20260120213938_migrate1',NULL,NULL,'2026-01-20 21:39:38.630',1),('3b899388-d3e9-4676-aa05-64c53db2ba89','5b7ac52430c9c3e9c870e0477c596f89d8cf185a7da829fa061988fe07774fc9','2026-01-25 22:33:30.066','20260125223329_migration4',NULL,NULL,'2026-01-25 22:33:29.849',1),('540380c1-4e80-431b-ac18-aee77af8b042','59916ae9685c2e117f7587b3b5070f7f5c473250a8eb0951c774682725890784','2026-01-21 20:19:55.882','20260121201955_migration3',NULL,NULL,'2026-01-21 20:19:55.850',1),('9c44ece3-4c91-4256-a738-dfc86f946e37','58cee1fc70d6ee374717f7784fa6b1ba51dbeaffefee40ab993d28ff416c1e76','2026-01-27 15:48:06.872','20260127154806_migration6',NULL,NULL,'2026-01-27 15:48:06.839',1),('ca02235b-1cfc-412b-bfc1-b136114a0e6c','7cf002bd50619a0a561d9456ace885883e4e5438e1e6f91f2f3a19f277e768fd','2026-01-21 19:40:50.040','20260121194049_migration2',NULL,NULL,'2026-01-21 19:40:49.965',1);
/*!40000 ALTER TABLE `_prisma_migrations` ENABLE KEYS */;
UNLOCK TABLES;
/*!40103 SET TIME_ZONE=@OLD_TIME_ZONE */;

/*!40101 SET SQL_MODE=@OLD_SQL_MODE */;
/*!40014 SET FOREIGN_KEY_CHECKS=@OLD_FOREIGN_KEY_CHECKS */;
/*!40014 SET UNIQUE_CHECKS=@OLD_UNIQUE_CHECKS */;
/*!40101 SET CHARACTER_SET_CLIENT=@OLD_CHARACTER_SET_CLIENT */;
/*!40101 SET CHARACTER_SET_RESULTS=@OLD_CHARACTER_SET_RESULTS */;
/*!40101 SET COLLATION_CONNECTION=@OLD_COLLATION_CONNECTION */;
/*!40111 SET SQL_NOTES=@OLD_SQL_NOTES */;

-- Dump completed on 2026-02-15 23:25:00
